{"branches": 14.203389830508476, "coverage": 27.453910048622365}