{"branches": 22.33586275156714, "coverage": 46.83408456750376}