{"branches": 14.20138888888889, "coverage": 29.41471395397931}