{"branches": 16.076845298281093, "coverage": 31.876433629201156}