{"branches": 14.202600958247775, "coverage": 29.23898879332812}