{"branches": 14.246575342465754, "coverage": 29.26177630213737}