{"branches": 14.07967032967033, "coverage": 29.29494588630871}