{"branches": 13.95973154362416, "coverage": 27.211140383891607}