{"branches": 19.78501847497481, "coverage": 39.539181862986695}