{"branches": 24.772497472194136, "coverage": 48.194659715372694}