{"branches": 14.592274678111588, "coverage": 29.392083056560143}