{"branches": 28.013029315960914, "coverage": 54.77469447115948}