{"branches": 14.099931553730322, "coverage": 29.007930337428085}