{"branches": 14.054982817869416, "coverage": 29.221170734264817}