{"branches": 27.77777777777778, "coverage": 54.33095164621265}