{"branches": 25.937403160830492, "coverage": 51.75199789233337}