{"branches": 28.049575994781474, "coverage": 54.28354454411695}