{"branches": 21.201181489990155, "coverage": 41.8727237876174}