{"branches": 14.14176511466296, "coverage": 29.327708937516476}