{"branches": 22.321134190570394, "coverage": 46.80729352878083}