{"branches": 20.546592031610142, "coverage": 40.49752445356841}