{"branches": 14.146505376344088, "coverage": 27.873063845863243}