{"branches": 26.457883369330453, "coverage": 53.213585790781295}