{"branches": 14.21736158578264, "coverage": 29.173276467375757}