{"branches": 27.77413000656599, "coverage": 54.36969394306913}