{"branches": 14.29548563611491, "coverage": 28.905545681683538}