{"branches": 28.096479791395048, "coverage": 54.57660766194786}