{"branches": 14.06563965170797, "coverage": 27.54043024837523}