{"branches": 23.915171288743885, "coverage": 48.51965892941734}