{"branches": 21.243862520458265, "coverage": 41.77505190559149}