{"branches": 21.201181489990155, "coverage": 41.871720535735676}