{"branches": 14.09028727770178, "coverage": 29.001917396486498}