{"branches": 20.44310171198389, "coverage": 41.428292015060386}