{"branches": 14.251373626373626, "coverage": 29.462150871016053}