{"branches": 14.227365554799182, "coverage": 28.96870481305515}