{"branches": 25.600259571706687, "coverage": 52.46409728629901}