{"branches": 22.306927411335764, "coverage": 46.212048192771086}