{"branches": 24.213938411669368, "coverage": 48.51876390137712}