{"branches": 22.062193126022915, "coverage": 43.3342048344544}