{"branches": 25.64102564102564, "coverage": 50.37672045562411}