{"branches": 14.330003444712366, "coverage": 29.44570637842354}