{"branches": 14.271255060728743, "coverage": 27.709531166890404}