{"branches": 14.188267394270124, "coverage": 28.97493837304848}