{"branches": 24.146981627296586, "coverage": 50.782832495293476}