{"branches": 14.388736263736263, "coverage": 28.9644138215788}