{"branches": 23.5600215323883, "coverage": 48.92065421301556}