{"branches": 22.321134190570394, "coverage": 46.822822249785325}