{"branches": 23.87614251072561, "coverage": 50.031966265388014}