{"branches": 15.15351601188511, "coverage": 30.06962040886615}