{"branches": 14.217687074829932, "coverage": 28.973266175900815}