{"branches": 24.287118977384463, "coverage": 50.80795080795081}