{"branches": 20.774532326878898, "coverage": 41.17604773201064}