{"branches": 14.222069910897876, "coverage": 29.336854767010095}