{"branches": 22.277064823955246, "coverage": 46.772733768398986}