{"branches": 27.84313725490196, "coverage": 54.20399071046022}