{"branches": 20.474777448071215, "coverage": 40.48925523943049}