{"branches": 27.846858638743456, "coverage": 54.23286696703818}