{"branches": 27.897838899803535, "coverage": 54.42552284408233}