{"branches": 14.07967032967033, "coverage": 29.29993172627488}