{"branches": 14.295532646048109, "coverage": 29.309894472886842}