{"branches": 14.285714285714285, "coverage": 28.870594288654488}