{"branches": 27.834041163018618, "coverage": 54.15394085754196}