{"branches": 20.230642504118617, "coverage": 40.303529070048896}