{"branches": 22.28855721393035, "coverage": 46.218912666281085}