{"branches": 16.57312644437108, "coverage": 32.22398826262379}