{"branches": 14.285714285714285, "coverage": 28.883226520474608}