{"branches": 16.639154836579728, "coverage": 32.68954081010559}