{"branches": 20.15994668443852, "coverage": 40.132317757921975}