{"branches": 23.905169575238723, "coverage": 50.780189151201846}