{"branches": 23.898139079333987, "coverage": 48.38801576373392}