{"branches": 14.073071718538566, "coverage": 28.47725608062031}