{"branches": 24.772497472194136, "coverage": 48.193747247908405}