{"branches": 14.266117969821673, "coverage": 29.302823707650916}