{"branches": 14.07967032967033, "coverage": 29.318821147829745}