{"branches": 25.906414626588166, "coverage": 51.74760692017213}