{"branches": 20.993747943402436, "coverage": 41.20544769631991}