{"branches": 24.962630792227205, "coverage": 49.72486553578817}