{"branches": 27.839789888378203, "coverage": 54.36969394306913}