{"branches": 20.729684908789388, "coverage": 42.947003108958135}