{"branches": 26.24466571834993, "coverage": 51.78826166700632}