{"branches": 24.34017595307918, "coverage": 48.627618437596375}