{"branches": 14.237057220708445, "coverage": 28.99940548504666}