{"branches": 14.070006863417984, "coverage": 29.304183308808074}