{"branches": 14.246575342465754, "coverage": 29.26326770113444}