{"branches": 14.128256513026052, "coverage": 27.439865559708043}