{"branches": 14.146505376344088, "coverage": 27.8611348874679}