{"branches": 14.191073919107392, "coverage": 29.53013007698434}