{"branches": 23.894795747062116, "coverage": 50.0258194270805}