{"branches": 27.862969004893962, "coverage": 54.363554948033276}