{"branches": 25.66601689408707, "coverage": 52.47461478378187}