{"branches": 14.324233232221099, "coverage": 28.996450955221626}