{"branches": 22.189446083251394, "coverage": 46.698202909574974}