{"branches": 13.799933971607793, "coverage": 27.567487171859895}