{"branches": 16.04314122008763, "coverage": 31.916327600409378}