{"branches": 24.245328222328702, "coverage": 48.83151149641915}