{"branches": 14.3296853625171, "coverage": 28.786487038171053}