{"branches": 22.36369572314724, "coverage": 45.33336495813667}