{"branches": 14.009497964721845, "coverage": 28.97753559862232}