{"branches": 14.161447459986082, "coverage": 29.411298419912274}