{"branches": 14.256480218281038, "coverage": 29.04829729379775}