{"branches": 24.36354378818737, "coverage": 48.11372136088014}