{"branches": 27.86037491919845, "coverage": 53.203178420692744}