{"branches": 16.066015493432133, "coverage": 31.869282349128795}