{"branches": 16.57312644437108, "coverage": 32.226352342756535}