{"branches": 24.387855044074435, "coverage": 48.66340629599734}