{"branches": 19.825561891982556, "coverage": 39.471807608134355}