{"branches": 14.132618888144673, "coverage": 27.916353618832957}