{"branches": 16.224386966745044, "coverage": 31.950424329907168}