{"branches": 14.108579088471851, "coverage": 27.825759477780565}