{"branches": 14.146505376344088, "coverage": 27.954028795150293}