{"branches": 14.31989063568011, "coverage": 28.774005968017548}