{"branches": 13.952702702702702, "coverage": 28.69611685073032}