{"branches": 22.174909924664266, "coverage": 46.688214463958936}