{"branches": 22.681088167813833, "coverage": 46.81094479931357}