{"branches": 14.222069910897876, "coverage": 29.370647677888893}