{"branches": 14.108579088471851, "coverage": 27.92865016534723}