{"branches": 16.44891122278057, "coverage": 32.71201086285644}