{"branches": 20.370983769460086, "coverage": 41.60842508377214}