{"branches": 14.295532646048109, "coverage": 29.31525459153016}