{"branches": 20.006602839220868, "coverage": 39.73413191147469}