{"branches": 14.592274678111588, "coverage": 29.424065736708737}