{"branches": 14.37308868501529, "coverage": 27.954708107555465}