{"branches": 13.92235609103079, "coverage": 27.141499049334534}