{"branches": 14.188267394270124, "coverage": 28.992805755395683}