{"branches": 14.344543582704187, "coverage": 29.046706710853353}