{"branches": 22.291735265064208, "coverage": 46.7827619887081}