{"branches": 24.287118977384463, "coverage": 50.810372771474874}