{"branches": 26.70262980445044, "coverage": 52.75425744458187}