{"branches": 28.0718954248366, "coverage": 54.508148113006136}