{"branches": 14.290540540540542, "coverage": 27.751001978590633}