{"branches": 14.261631827376938, "coverage": 27.759036144578314}