{"branches": 14.31989063568011, "coverage": 28.76813626743504}