{"branches": 14.210893854748605, "coverage": 29.53954007116682}