{"branches": 28.096479791395048, "coverage": 54.55792286410177}