{"branches": 27.865094957432873, "coverage": 54.29999289453116}