{"branches": 14.237057220708445, "coverage": 28.99757018042703}