{"branches": 25.792880258899675, "coverage": 52.46187569236571}