{"branches": 24.280104712041886, "coverage": 50.78939246456636}