{"branches": 25.665152498377676, "coverage": 52.46161489507677}