{"branches": 19.7920161019792, "coverage": 39.52321204516939}