{"branches": 20.729684908789388, "coverage": 42.9570670525808}