{"branches": 14.236824093086927, "coverage": 29.33479018704961}