{"branches": 28.90826873385013, "coverage": 55.670997701580745}