{"branches": 23.882544861337685, "coverage": 48.50910641119769}