{"branches": 20.71594298972489, "coverage": 42.94809955624156}