{"branches": 14.217687074829932, "coverage": 28.92389398783129}