{"branches": 20.694214876033058, "coverage": 42.98401848464427}