{"branches": 20.243982855258817, "coverage": 40.36121305775546}