{"branches": 21.206161914126515, "coverage": 41.8510633208143}