{"branches": 22.255389718076284, "coverage": 46.20852509578082}