{"branches": 23.898139079333987, "coverage": 48.536556464036025}