{"branches": 14.237057220708445, "coverage": 28.995734780922838}