{"branches": 24.145860709592643, "coverage": 50.79270473238765}