{"branches": 14.146505376344088, "coverage": 27.951910691283814}