{"branches": 26.414686825053995, "coverage": 53.21286380049999}