{"branches": 15.750670241286862, "coverage": 30.84888711448248}