{"branches": 14.20138888888889, "coverage": 29.452796787063708}