{"branches": 14.222069910897876, "coverage": 29.44851300627346}