{"branches": 14.295439074200136, "coverage": 28.18965072486199}