{"branches": 14.222373806275579, "coverage": 29.17901523423283}