{"branches": 14.210893854748605, "coverage": 29.536402740162497}