{"branches": 19.78501847497481, "coverage": 39.506081646722805}