{"branches": 14.21636615811373, "coverage": 29.445779315079346}