{"branches": 14.378860672614962, "coverage": 29.033669686985174}