{"branches": 20.243982855258817, "coverage": 40.304504635344806}