{"branches": 14.231824417009603, "coverage": 29.459338812593543}