{"branches": 20.006602839220868, "coverage": 39.729729729729726}