{"branches": 14.315068493150685, "coverage": 28.979929222741713}