{"branches": 14.30527036276523, "coverage": 29.874902267396404}