{"branches": 23.730345201518162, "coverage": 49.18309335316933}