{"branches": 14.246575342465754, "coverage": 29.360343383584592}