{"branches": 14.29548563611491, "coverage": 28.902567800757208}