{"branches": 22.617870095614904, "coverage": 46.97652246454535}