{"branches": 16.066015493432133, "coverage": 31.79580720121936}