{"branches": 23.839315113598946, "coverage": 50.780189151201846}