{"branches": 22.404192597445135, "coverage": 45.31431966726085}