{"branches": 14.3296853625171, "coverage": 28.776207723307657}