{"branches": 14.166666666666666, "coverage": 29.43349428744822}