{"branches": 20.729684908789388, "coverage": 42.954638628306846}