{"branches": 14.232336956521738, "coverage": 28.602575803671026}