{"branches": 22.361892160105857, "coverage": 46.80673072326593}