{"branches": 14.163822525597269, "coverage": 28.503042802943497}