{"branches": 14.21736158578264, "coverage": 29.166883218127953}