{"branches": 14.21636615811373, "coverage": 29.44888959307085}