{"branches": 20.729684908789388, "coverage": 42.959427207637226}