{"branches": 22.218575648178536, "coverage": 46.72263711173477}