{"branches": 16.04314122008763, "coverage": 31.822388993120697}