{"branches": 14.232839838492598, "coverage": 27.6657060518732}