{"branches": 28.05355976485957, "coverage": 54.48746828539587}