{"branches": 20.072631231429515, "coverage": 40.1728910689136}