{"branches": 20.265339966832503, "coverage": 40.94406522106177}