{"branches": 14.36388508891929, "coverage": 28.881971599094463}