{"branches": 22.2737819025522, "coverage": 46.196647075826185}