{"branches": 15.71722717913521, "coverage": 33.791935111270824}