{"branches": 28.059895833333332, "coverage": 54.35970202199362}