{"branches": 27.912303664921467, "coverage": 54.7677434567319}