{"branches": 20.315119007710358, "coverage": 40.33969755643244}