{"branches": 23.72084613993853, "coverage": 49.13486986474445}