{"branches": 14.310109289617486, "coverage": 28.746878662793662}