{"branches": 26.68909447715167, "coverage": 51.22258286613553}