{"branches": 19.825561891982556, "coverage": 39.50483597076268}