{"branches": 14.13770053475936, "coverage": 27.44055382763118}