{"branches": 20.56597564988483, "coverage": 40.63986478329108}