{"branches": 22.091117666338906, "coverage": 46.534464677280965}