{"branches": 16.212579885637403, "coverage": 31.9611505416511}