{"branches": 27.88335517693316, "coverage": 54.450447888525524}