{"branches": 14.217687074829932, "coverage": 28.962044926413633}