{"branches": 23.730345201518162, "coverage": 49.181743311814245}