{"branches": 14.108579088471851, "coverage": 27.837640971541962}