{"branches": 14.29548563611491, "coverage": 28.904056664520283}