{"branches": 13.95973154362416, "coverage": 27.18999147570576}