{"branches": 22.588080342443202, "coverage": 46.95190223217477}