{"branches": 14.103448275862068, "coverage": 29.351976196118702}