{"branches": 25.567579036706984, "coverage": 50.35052096456255}