{"branches": 16.33679973163368, "coverage": 32.70702681349069}