{"branches": 14.261631827376938, "coverage": 27.788361401102392}