{"branches": 14.231824417009603, "coverage": 29.36339592007751}