{"branches": 14.099037138927098, "coverage": 29.372876445334107}