{"branches": 13.733905579399142, "coverage": 26.885798567214497}