{"branches": 14.295532646048109, "coverage": 29.318947725907158}