{"branches": 16.80395387149918, "coverage": 32.84474586159119}