{"branches": 24.26928605654049, "coverage": 48.83493814892232}