{"branches": 13.96910678307589, "coverage": 27.197188402158908}