{"branches": 23.89957613302902, "coverage": 48.513024345233866}