{"branches": 22.259026167605168, "coverage": 46.19053354209322}