{"branches": 14.142091152815015, "coverage": 27.922647228275842}