{"branches": 25.665152498377676, "coverage": 52.46409728629901}