{"branches": 14.176511466296038, "coverage": 29.423895513312004}