{"branches": 27.932048350212348, "coverage": 54.72586454483391}