{"branches": 14.246575342465754, "coverage": 29.05137828393943}