{"branches": 24.288052373158756, "coverage": 50.8004955448611}