{"branches": 14.246575342465754, "coverage": 29.32657115967793}