{"branches": 14.246575342465754, "coverage": 29.25646411992012}