{"branches": 27.85597381342062, "coverage": 54.370563180312345}