{"branches": 14.285714285714285, "coverage": 28.203475480843604}