{"branches": 26.457883369330453, "coverage": 53.21286380049999}