{"branches": 25.63069747721009, "coverage": 50.374925903971544}