{"branches": 15.15351601188511, "coverage": 30.071839787432957}