{"branches": 24.41974501471069, "coverage": 50.816830507669664}