{"branches": 20.308828465928165, "coverage": 40.27348161241224}