{"branches": 22.28855721393035, "coverage": 46.19811229895021}