{"branches": 20.527182866556835, "coverage": 40.52088618298664}