{"branches": 16.04314122008763, "coverage": 31.78898967938626}