{"branches": 21.243862520458265, "coverage": 41.8089756144164}