{"branches": 25.425392670157066, "coverage": 53.467391562403556}