{"branches": 23.882544861337685, "coverage": 48.51198938489243}