{"branches": 23.898139079333987, "coverage": 48.529516316325804}