{"branches": 14.271255060728743, "coverage": 27.789773160261134}