{"branches": 28.059895833333332, "coverage": 54.34088166394548}