{"branches": 14.260686755430974, "coverage": 29.628445864962043}