{"branches": 28.0416395575797, "coverage": 54.32629812578289}