{"branches": 20.25905014945201, "coverage": 40.962021646695014}