{"branches": 20.554272517321014, "coverage": 40.51012028404425}