{"branches": 26.24466571834993, "coverage": 51.787442895232914}