{"branches": 14.315068493150685, "coverage": 28.981426467929012}