{"branches": 14.300341296928329, "coverage": 28.685481820493266}