{"branches": 29.250161603102782, "coverage": 55.716677277121505}