{"branches": 13.765718067504965, "coverage": 26.813474704035983}