{"branches": 19.8053037932192, "coverage": 39.59193706981318}