{"branches": 14.31989063568011, "coverage": 29.120623773623876}