{"branches": 22.123893805309734, "coverage": 46.698202909574974}