{"branches": 14.33032616238723, "coverage": 29.533090371309356}