{"branches": 14.084022038567493, "coverage": 29.375955304906974}