{"branches": 27.865094957432873, "coverage": 54.74106405568008}