{"branches": 23.76827287493232, "coverage": 49.561571728981235}