{"branches": 20.729684908789388, "coverage": 42.95981862910617}