{"branches": 20.834713481285196, "coverage": 43.60864466409784}