{"branches": 27.941176470588236, "coverage": 54.77615457115929}