{"branches": 26.421800947867297, "coverage": 51.878841537125645}