{"branches": 14.20138888888889, "coverage": 29.433185560481316}