{"branches": 13.95888594164456, "coverage": 27.487599206349206}