{"branches": 25.792880258899675, "coverage": 52.46551114255394}