{"branches": 14.31989063568011, "coverage": 29.199968758949257}