{"branches": 20.1262039189638, "coverage": 39.90151368135067}