{"branches": 28.11480756686236, "coverage": 54.601125455147304}