{"branches": 14.300202839756594, "coverage": 27.80107239968489}