{"branches": 24.043179587831208, "coverage": 48.527735562310035}