{"branches": 23.882544861337685, "coverage": 48.36046125373701}