{"branches": 14.29548563611491, "coverage": 28.895125782114995}