{"branches": 16.032334119232065, "coverage": 31.77152276530383}