{"branches": 14.026845637583893, "coverage": 27.884350159231673}