{"branches": 14.227086183310533, "coverage": 29.22211515924894}