{"branches": 14.432284541723666, "coverage": 29.933299127757824}