{"branches": 14.202600958247775, "coverage": 29.394503104776376}