{"branches": 14.099037138927098, "coverage": 29.376596697305697}