{"branches": 14.099037138927098, "coverage": 29.353430134680135}