{"branches": 14.188267394270124, "coverage": 28.96973120073939}