{"branches": 14.161447459986082, "coverage": 29.43090721485832}