{"branches": 16.224386966745044, "coverage": 32.069883775913986}