{"branches": 14.236824093086927, "coverage": 29.24420119885327}