{"branches": 14.232839838492598, "coverage": 27.765792746376995}