{"branches": 20.501815780785737, "coverage": 40.40538577032983}