{"branches": 14.266117969821673, "coverage": 29.250938281901583}