{"branches": 14.31989063568011, "coverage": 28.869797829106435}