{"branches": 14.36388508891929, "coverage": 29.61236316806182}