{"branches": 27.88492971559333, "coverage": 54.699203844160735}