{"branches": 14.42241968557758, "coverage": 29.898782831518254}