{"branches": 23.898139079333987, "coverage": 48.52031749792678}