{"branches": 22.33586275156714, "coverage": 46.65343978582015}