{"branches": 27.95275590551181, "coverage": 54.46551315477601}