{"branches": 14.070006863417984, "coverage": 29.313426558721478}