{"branches": 14.242627345844506, "coverage": 28.818306865074405}