{"branches": 21.374795417348608, "coverage": 42.892116083949325}