{"branches": 13.931990756025089, "coverage": 28.496641643619125}