{"branches": 22.22222222222222, "coverage": 46.80729352878083}