{"branches": 22.78564372736253, "coverage": 47.05910379493532}