{"branches": 20.729684908789388, "coverage": 42.952923017557396}