{"branches": 14.227642276422763, "coverage": 27.928939711062327}