{"branches": 14.236824093086927, "coverage": 29.332500910462517}