{"branches": 27.86134728580772, "coverage": 54.23355068168346}