{"branches": 13.95973154362416, "coverage": 27.194764161588807}