{"branches": 27.862969004893962, "coverage": 54.16282205976294}