{"branches": 21.206161914126515, "coverage": 41.852454310592286}