{"branches": 23.898139079333987, "coverage": 48.52376664613052}