{"branches": 14.31989063568011, "coverage": 28.872768431342283}