{"branches": 28.100522193211486, "coverage": 54.59704880817253}