{"branches": 14.154160982264665, "coverage": 28.497237850360225}