{"branches": 22.50572456656853, "coverage": 45.31821854650887}