{"branches": 14.290540540540542, "coverage": 27.78059928897918}