{"branches": 22.28855721393035, "coverage": 46.2133442567649}