{"branches": 14.251700680272108, "coverage": 28.62579924895971}