{"branches": 13.95888594164456, "coverage": 27.488280959349193}