{"branches": 14.285714285714285, "coverage": 28.884713392190676}