{"branches": 20.56597564988483, "coverage": 40.50327223550436}