{"branches": 19.84579282601408, "coverage": 39.524615497829124}