{"branches": 14.093959731543624, "coverage": 28.156067342758657}