{"branches": 14.266117969821673, "coverage": 29.459033613445378}