{"branches": 14.266211604095563, "coverage": 29.05121963851054}