{"branches": 19.78501847497481, "coverage": 39.420896993592905}