{"branches": 13.931990756025089, "coverage": 28.378111418411695}