{"branches": 14.310829817158933, "coverage": 29.735364875701688}