{"branches": 14.084022038567493, "coverage": 29.360357988944457}