{"branches": 14.344543582704187, "coverage": 29.039188279753585}