{"branches": 27.89404839764552, "coverage": 54.42948095903055}