{"branches": 20.308828465928165, "coverage": 40.35694996808563}