{"branches": 14.280936454849499, "coverage": 28.024329804009913}