{"branches": 14.630872483221477, "coverage": 28.131401448913312}