{"branches": 25.68717277486911, "coverage": 53.58847130884832}