{"branches": 14.266117969821673, "coverage": 29.46459049969803}