{"branches": 27.897838899803535, "coverage": 54.45110537165604}