{"branches": 13.83898868928809, "coverage": 26.966096639490956}