{"branches": 14.101694915254237, "coverage": 28.77176878553762}