{"branches": 28.04560260586319, "coverage": 54.35559024574847}