{"branches": 22.240636393768646, "coverage": 46.19182965603623}