{"branches": 24.32979261507334, "coverage": 47.45786740860196}