{"branches": 14.349315068493151, "coverage": 28.930898271174264}