{"branches": 14.31989063568011, "coverage": 28.889861264832305}