{"branches": 21.243862520458265, "coverage": 41.85757922871325}