{"branches": 14.256480218281038, "coverage": 29.040776699029124}