{"branches": 14.213025780189959, "coverage": 27.45947315096251}