{"branches": 20.729684908789388, "coverage": 42.94463734567901}