{"branches": 19.607843137254903, "coverage": 39.092746353697436}