{"branches": 14.280936454849499, "coverage": 28.012409927942354}