{"branches": 14.232839838492598, "coverage": 27.667804323094426}