{"branches": 13.688713392563342, "coverage": 26.871810118428225}