{"branches": 14.378860672614962, "coverage": 28.961424332344215}