{"branches": 20.501815780785737, "coverage": 40.478492025132915}