{"branches": 28.0718954248366, "coverage": 54.521080978480086}