{"branches": 22.04775924108603, "coverage": 43.332144979203804}