{"branches": 19.872440416247063, "coverage": 39.559549237681374}