{"branches": 24.41974501471069, "coverage": 50.81441732358248}