{"branches": 14.31989063568011, "coverage": 28.771070818351056}