{"branches": 28.016960208741033, "coverage": 54.27879823437277}