{"branches": 26.372549019607845, "coverage": 51.53227146485627}