{"branches": 22.043363994743757, "coverage": 46.6817263107835}