{"branches": 22.361892160105857, "coverage": 46.81374892437135}