{"branches": 14.236824093086927, "coverage": 29.234477039494145}