{"branches": 22.255389718076284, "coverage": 46.193296735047674}