{"branches": 14.04416839199448, "coverage": 29.35789501464728}