{"branches": 27.865094957432873, "coverage": 54.42078586485398}