{"branches": 21.374795417348608, "coverage": 42.89313557710591}