{"branches": 14.378860672614962, "coverage": 28.945739632762535}