{"branches": 14.236824093086927, "coverage": 29.04912262539469}