{"branches": 14.266117969821673, "coverage": 29.339229968782522}