{"branches": 23.87614251072561, "coverage": 50.03332562536556}