{"branches": 13.733905579399142, "coverage": 26.913819201469018}