{"branches": 16.235294117647058, "coverage": 31.96792748823427}