{"branches": 28.05355976485957, "coverage": 54.496513778873975}