{"branches": 21.22196945076373, "coverage": 42.660930001654805}