{"branches": 22.464949462015, "coverage": 45.337254529930746}