{"branches": 26.191247974068073, "coverage": 53.04598094977043}