{"branches": 14.183185235816815, "coverage": 29.17360099854379}