{"branches": 22.28855721393035, "coverage": 46.239252426482985}