{"branches": 14.161447459986082, "coverage": 29.42701444368023}