{"branches": 16.064799190010127, "coverage": 31.81761336634902}