{"branches": 20.56597564988483, "coverage": 40.50229413185221}